{"schemaVersion":"1.0","appDefinitionTemplate":{"id":"/providers/Microsoft.PowerApps/apps/","type":"Microsoft.PowerApps/apps","tags":{"primaryDeviceWidth":"640","primaryDeviceHeight":"1136","sienaVersion":"20200729T135143Z-3.20072.20.0","deviceCapabilities":"","supportsPortrait":"true","supportsLandscape":"false","primaryFormFactor":"Phone","publisherVersion":"3.20072.20","minimumRequiredApiVersion":"2.2.0","hasComponent":"false","hasUnlockedComponent":"false","isUnifiedRootApp":"false"},"properties":{"appVersion":"2020-07-29T13:51:43Z","lifeCycleId":"Published","createdByClientVersion":{"major":3,"minor":20072,"build":20,"revision":0,"majorRevision":0,"minorRevision":0},"minClientVersion":{"major":3,"minor":20072,"build":20,"revision":0,"majorRevision":0,"minorRevision":0},"backgroundColor":"rgba(0, 134, 208, 1)","backgroundImageUri":"/3682633322907967025/N79604c68-1d14-464a-bbaf-9b74a94c37a9-logoSmallFile","displayName":"Azure Vending Machine","description":"This is the prototype for Hackathon on Azure Vending Machine","commitMessage":"","appUris":{"documentUri":{"value":"/3682633322907967025/N02bb89d6-8673-4aa5-8715-812a8b977769-document.msapp","readonlyValue":"/3682633322907967025/N02bb89d6-8673-4aa5-8715-812a8b977769-document.msapp"},"imageUris":[]},"createdTime":"0001-01-01T00:00:00Z","lastModifiedTime":"0001-01-01T00:00:00Z","sharedGroupsCount":0,"sharedUsersCount":0,"icons":{"smallIconUri":"/3682633322907967025/Nac9b5485-dc81-4c3c-a47f-2b18b17cefc7-small.png","mediumIconUri":"/3682633322907967025/Nebc051b5-c125-4834-ad59-3087fa08e467-medium.png","largeIconUri":"/3682633322907967025/Nabd8bdcc-26a1-4178-b650-ab09ab298d2f-large.png","wideIconUri":"/3682633322907967025/N62513320-e49c-43b7-b9b3-0e364819b12c-wide.png"},"connectionReferences":{"30b67966-59ff-4f91-8c7a-6927d1f2739f":{"id":"1f175683-a483-4268-8d57-6ece78e25dda","displayName":"Logic flows","iconUri":"https://resourcestackdeploy.blob.core.windows.net/scripts/13276078.png","dataSources":["powerapptoapi"],"dependencies":["9acf353a-dc4f-4248-9253-ffdba716be7c","dc7edf79-6429-49d6-adc6-a22fba56c560"],"dependents":[],"parameterHints":{"workflowName":{"value":"5a4627e5-223a-4bfa-8353-3e320c23a7a8"},"9acf353a-dc4f-4248-9253-ffdba716be7c":{"value":"shared_office365"},"dc7edf79-6429-49d6-adc6-a22fba56c560":{"value":"shared_approvals"}},"isOnPremiseConnection":false,"bypassConsent":false,"dataSets":{},"apiTier":"Standard","isCustomApiConnection":false},"9acf353a-dc4f-4248-9253-ffdba716be7c":{"id":"e9cb5e1d-78f0-4d06-acbf-17863122537b","displayName":"Microsoft 365 Outlook","iconUri":"https://connectoricons-prod.azureedge.net/releases/v1.0.1373/1.0.1373.2081/office365/icon.png","dataSources":[],"dependencies":[],"dependents":["30b67966-59ff-4f91-8c7a-6927d1f2739f"],"parameterHints":{},"isOnPremiseConnection":false,"bypassConsent":false,"dataSets":{},"apiTier":"Standard","isCustomApiConnection":false},"dc7edf79-6429-49d6-adc6-a22fba56c560":{"id":"f1099767-bd21-45e6-991a-594b56996a99","displayName":"Approvals","iconUri":"https://connectoricons-prod.azureedge.net/approvals/icon_1.0.1346.1996.png","dataSources":[],"dependencies":[],"dependents":["30b67966-59ff-4f91-8c7a-6927d1f2739f"],"parameterHints":{},"isOnPremiseConnection":false,"bypassConsent":false,"dataSets":{},"apiTier":"Standard","isCustomApiConnection":false}},"databaseReferences":{},"almMode":"Environment","performanceOptimizationEnabled":true,"canConsumeAppPass":true},"isAppComponentLibrary":false,"appType":"ClassicCanvasApp","appComponents":[]}}