{"name":"3e8aef4a-fdfd-4c47-a854-faabd2e5ab2d","id":"/providers/Microsoft.Flow/flows/3e8aef4a-fdfd-4c47-a854-faabd2e5ab2d","type":"Microsoft.Flow/flows","properties":{"apiId":"/providers/Microsoft.PowerApps/apis/shared_logicflows","displayName":"powerapptoapi","definition":{"metadata":{"workflowEntityId":null,"creator":{"id":"616f3d37-1ded-4e0e-af82-c77306ea198d","type":"User","tenantId":"72f988bf-86f1-41af-91ab-2d7cd011db47"},"provisioningMethod":"FromDefinition","failureAlertSubscription":true,"clientLastModifiedTime":"2020-07-28T23:49:53.7288481Z"},"$schema":"https://schema.management.azure.com/providers/Microsoft.Logic/schemas/2016-06-01/workflowdefinition.json#","contentVersion":"1.0.0.0","parameters":{"$connections":{"defaultValue":{},"type":"Object"},"$authentication":{"defaultValue":{},"type":"SecureObject"}},"triggers":{"manual":{"type":"Request","kind":"PowerApp","inputs":{"schema":{"type":"object","properties":{},"required":[]}}}},"actions":{"Cannot_use_custom_api_mimic_by_using_email_trigger":{"runAfter":{},"type":"OpenApiConnection","inputs":{"host":{"apiId":"/providers/Microsoft.PowerApps/apis/shared_office365","connectionName":"shared_office365","operationId":"SendEmailV2"},"parameters":{"emailMessage/To":"Top.Nakornratanachai@microsoft.com","emailMessage/Subject":"TriggerVMCreation","emailMessage/Body":"<p>TriggerVMCreation</p>"},"authentication":{"value":"@json(decodeBase64(triggerOutputs().headers['X-MS-APIM-Tokens']))['$ConnectionKey']","type":"Raw"}}}}},"connectionReferences":{"shared_office365":{"connectionName":"shared-office365-13b3d120-3b76-4c56-8b5f-db0acbd3b042","source":"Invoker","id":"/providers/Microsoft.PowerApps/apis/shared_office365","tier":"NotSpecified"}},"flowFailureAlertSubscribed":false}}